Accession	Reference	Azithromycin	MtrD Allele	Cluster	mtrR Promoter	RplD G70 Allele	23S rRNA	PenA Allele
ERR1469714	Harris2018	1.0	R714H	1.0	Adel	WT	WT	XXXIV
ERR1528327	Harris2018	1.0	R714H	2.0	Adel	WT	WT	XXXIV
ERR1514686	Harris2018	NA	R714H	2.0	Adel	WT	WT	XXXIV
ERR1469709	Harris2018	1.0	R714H	1.0	Adel	WT	WT	XXXIV
SRR1661243	Demczuk2015	1.0	R714H	3.0	Adel	WT	WT	Non-mosaic
SRR2736280	Demczuk2016	2.0	R714H	NA	Adel	WT	WT	XXXIV
SRR2736175	Demczuk2016	2.0	R714H	3.0	Adel	WT	WT	Non-mosaic
SRR2736167	Demczuk2016	2.0	R714H	3.0	Adel	WT	WT	Non-mosaic
ERR349976	SanchezBuso2018	0.19	R714H	NA	WT	WT	WT	Non-mosaic
ERR854880	Grad2014_2016	4.0	R714L	4.0	Adel	WT	WT	Non-mosaic
ERR855125	Grad2014_2016	4.0	R714L	4.0	Adel	WT	WT	Non-mosaic
ERR855232	Grad2014_2016	0.5	R714C	NA	Adel	WT	WT	XXXIV
ERR363653	SanchezBuso2018	0.75	K823E	NA	Adel	WT	WT	Non-mosaic
ERR855395	Grad2014_2016	8.0	K823E	NA	Adel	R	WT	XXXIV
ERR855128	Grad2014_2016	2.0	K823E	NA	Adel	WT	WT	Non-mosaic
ERR1067793	Grad2014_2016	2.0	K823E	NA	Adel	WT	WT	Non-mosaic
SRR2736213	Demczuk2016	2.0	K823E	NA	Adel	S	WT	Non-mosaic
SRR2736281	Demczuk2016	2.0	K823E	NA	Adel	WT	WT	Non-mosaic
SRR2736124	Demczuk2016	2.0	K823N	NA	Adel	WT	WT	Non-mosaic
